title,url,img
"
Honda Resmikan Lini Produksi Komponen Baterai Solid-State di Jepang
,https://asset.honda-indonesia.com/2024/11/21/mpFPgxRlzK7iVxPgR47GA6kjg0zXBN9jFONkdDII.jpg,https://asset.honda-indonesia.com/2023/10/19/logo-side.svg"
"
Honda Raih Gelar Juara Tim di Ajang Balap Super Formula Musim 2024
,https://asset.honda-indonesia.com/2024/11/20/1HDqN5vxH585dCfFbTzcnGiOmsNV3dJnOL8NKBzb.jpg,https://asset.honda-indonesia.com/2023/10/19/logo-side.svg"
"
Gelar Honda Culture Indonesia di Makassar, Tampilkan Berbagai Kultur Mobil Modifikasi Terbaik dari Beragam Konsep
,https://asset.honda-indonesia.com/2024/11/18/4XnlVCZSn6rXoLbFWS7JInfS9PTt9brPvB2qu12a.jpg,https://asset.honda-indonesia.com/2023/10/19/logo-side.svg"
"
Honda Culture Indonesia Siap Ramaikan Makassar Akhir Pekan Ini Dengan Kumpul Komunitas Terbesar
,https://asset.honda-indonesia.com/2024/11/14/ByIZhd7ofn1oftn1JaV6UANQVwHdkjOVlEMlSWbh.jpg,https://asset.honda-indonesia.com/2023/10/19/logo-side.svg"
"
Didukung oleh Program Penjualan dan Berbagai Aktivitas, Honda Catat Kenaikan Penjualan di Bulan Oktober 2024
,https://asset.honda-indonesia.com/2024/11/13/aGMQbTDTGmgrnWYHrz8kgAfSJgXDargf7atlSEyE.jpg,https://asset.honda-indonesia.com/2023/10/19/logo-side.svg"
"
Honda Menjadi Mitra Global Kendaraan Resmi di Kejuaraan Atletik Dunia Tokyo Tahun 2025
,https://asset.honda-indonesia.com/2024/11/08/KrLV0R3ds1MTpaRUcVZ5b6geC8s4Fqf39BzrwXgQ.jpg,https://asset.honda-indonesia.com/2023/10/19/logo-side.svg"
"
Perkuat Kesan Sporty, Honda Hadirkan Deretan Model Sporty di SEMA 2024
,https://asset.honda-indonesia.com/2024/11/07/tcQtS6tAPU4qHkHWVio2jtm4gUzY5RywnwMaH2TW.jpg,https://asset.honda-indonesia.com/2023/10/19/logo-side.svg"
"
Rangkaian Honda e:Technology City Tour Explore Indonesia Resmi Dimulai dengan Rute Kulu Kilir Palembang
,https://asset.honda-indonesia.com/2024/11/05/wIQFaBtdalIzLXTvY6HZwizmJCOPNLnrp29o9ZaG.jpg,https://asset.honda-indonesia.com/2023/10/19/logo-side.svg"
"
Honda dan McLaren Berkolaborasi Mengadakan Acara “Senna Sempre” Jelang Seri Balap F1 Grand Prix São Paulo 2024
,https://asset.honda-indonesia.com/2024/11/05/etJ9LMqwlB77cmar75HwgLajpszAWQNkmuz8GuEq.jpg,https://asset.honda-indonesia.com/2023/10/19/logo-side.svg"
"
Dongfeng Honda Resmikan Pabrik Baru Untuk Memproduksi Kendaraan Energi Terbarukan di China
,https://asset.honda-indonesia.com/2024/10/31/iJ0G1sJxv5a0DSh7KVsG4KDFMWOsEtIm80aYkTnd.jpg,https://asset.honda-indonesia.com/2023/10/19/logo-side.svg"
